Jobs/JobID_InDB,Jobs/JobID,Jobs/OwnerUserID,Jobs/NodeID_SubmittedOn,Jobs/TimeSubmission,Jobs/TimeDeadLinePrefered,Jobs/TimeDeadlineFinal,Jobs/ListOfTasks,Jobs/LastStatus,Jobs/LastStatusTime,Jobs/JobSizeWithoutAccountForParallelism,Jobs/CountOfEdges,Jobs/CountOfTasks,Jobs/SumOfEdgeWeight,Jobs/MaxEdgeWeight,Jobs/MinEdgeWeight,Jobs/MaxTaskSize,Jobs/MinTaskSize,Jobs/MaxParallelExecutableTasks,Jobs/JobInitSourceTypeID,Jobs/TasksWhichCanRunInParallel,Jobs/MinStorageNeeded,Jobs/TotalStorageNeeded,Jobs/MaxRamNeededForParallelExec,Jobs/MinRamNeeded,Jobs/TotalRamNeeded,Jobs/TaskIDsOfHighestsCPULoadPartOfTheDag,Jobs/MaxRamNeededForParallelExecutionOfHighestCpuLoadPartOfTheDag,Jobs/MinimumPassThrough_MI_withHighestParallelism,Jobs/MinTimeForExecuteDagWithMaxParallelismOnCloud,Jobs/MinTimeForExecuteDagWithMaxParallelismOnFog,Jobs/MinTimeForExecuteDagWithMaxParallelismOnIoT,Jobs/MaxTimeForExecuteDagSerialOnCloud,Jobs/MinTimeForExecuteDagSerialOnFog,Jobs/MinTimeForExecuteDagSerialOnIoT,Jobs/EFT_DAG
44611,0,B781,N_1_of_Clst_1_of_DC_0_of_CP_Lomocom68,6850,7116,7116,"0,1,2,3,4,5,6,7,8,9,10,11,12,13,14,15,16,17,18,19,20",InitializedAndWaiting,6850,141081972,32,21,1463,79,5,8557422,4818186,5,3,"[[0],[1,2],[3,4,5,8,11],[6,9,10],[7,17],[12],[13,15],[14,19],[16],[18],[20]]",6,3230,0,123,33827,"[3,4,5,8,11]",9444,77392780,32.8492,147.5365,1563.4905,59.882,268.9494,2850.1408,6966
44612,1,Q878,N_0_of_FP_0_of_Jackolicom45,1668,2062,2062,"0,1,2,3,4,5,6,7,8,9,10,11,12,13,14,15,16,17,18,19,20,21,22,23,24,25,26,27,28,29,30,31,32,33,34,35,36,37,38,39,40,41,42,43,44,45,46,47,48,49,50,51,52,53,54,55,56,57,58,59,60,61,62,63,64,65,66",InitializedAndWaiting,1668,459246133,96,67,4120,80,3,8999411,4530011,11,2,"[[0],[1,2],[3,4,5,8,16,19],[6,32,56],[7,9,11,12,17,18,21,22,23,43,53],[10,14,31,59],[13,25],[15,29,37,61],[20,24,27,36,38,44],[26,30,35,41,42,47,64],[28,34],[33],[39,50],[40,48],[45],[46,49,54],[51],[52,55,57],[58,60],[62,63],[65],[66]]",6,12436,0,187,139865,"[7,9,11,12,17,18,21,22,23,43,53]",28291,166118994,70.5089,316.6783,3355.9393,194.9262,875.4766,9277.6997,1912
44613,2,G309,TM197,8257,8574,8574,"0,1,2,3,4,5,6,7,8,9,10,11,12,13,14,15,16,17,18,19,20,21,22,23",InitializedAndWaiting,8257,164262224,33,24,1413,79,7,8790011,4901002,4,1,"[[0],[1,2,4,5],[3],[6,7],[8],[9,11,15],[10,18],[12],[13],[14],[16],[17],[19],[20],[21],[22],[23]]",10,4279,0,302,45205,"[1,2,4,5]",6574,124904416,53.0155,238.1096,2523.3215,69.7208,313.1387,3318.4288,8424
44614,3,I476,N_1_of_FP_0_of_Jackolicom45,2024,2376,2376,"0,1,2,3,4,5,6,7,8,9,10,11,12,13,14,15,16,17,18,19,20,21,22,23,24,25,26,27,28,29,30,31,32,33,34,35,36,37,38,39,40,41,42,43,44,45,46,47,48,49,50,51,52,53,54,55,56,57,58,59,60,61,62,63,64,65,66,67,68,69,70,71,72,73,74,75",InitializedAndWaiting,2024,502139995,116,76,4741,80,4,8940952,4540859,9,2,"[[0],[1,2,4],[3,5,7,9,15,16,21,37],[6,13,19,33,45,48],[8,12,14,26,31,32,35,38,42],[10,18,46,57,61,66],[11,27,36,40,55],[17,23,30,43,49],[20,25,29,50,52],[22,28,53],[24,41,51,54],[34,39,64,70],[44,47],[56,62],[58,60],[59,67],[63,69,72],[65],[68],[71],[73],[74],[75]]",10,15818,0,49,158441,"[8,12,14,26,31,32,35,38,42]",14838,167713041,71.1855,319.7171,3388.1422,213.1324,957.2466,10144.2423,2226
44615,4,X401,N_3_of_Clst_1_of_DC_0_of_CP_Lomocom68,6692,7067,7067,"0,1,2,3,4,5,6,7,8,9,10,11,12,13,14,15,16,17,18,19,20,21,22,23,24,25,26,27,28,29,30,31,32,33,34,35,36,37,38,39,40,41,42,43,44,45,46,47,48,49,50,51,52,53,54,55,56,57,58,59,60,61,62,63,64,65,66,67,68,69,70,71,72,73,74,75",InitializedAndWaiting,6692,501395862,114,76,4713,79,4,8964560,4592850,9,3,"[[0],[1],[2,3,7,33,41],[4,6,9,12,21],[5],[8,10,13,17,19,20,25,56,60],[11,22,23,29,32],[14,24],[15,18,47,55,62],[16,51,54,57],[26,30,34,59,69],[27,40,48],[28,37],[31,39,49,64],[35,52],[36,67],[38,46,71],[42,44],[43],[45],[50,53],[58],[61],[63],[65,68],[66],[70],[72],[73],[74],[75]]",4,14357,0,60,157072,"[8,10,13,17,19,20,25,56,60]",15292,218438294,92.7157,416.4164,4412.8948,212.8166,955.8281,10129.2093,6917
44616,5,Y760,N_3_of_Clst_1_of_DC_0_of_CP_Lomocom68,9075,9392,9392,"0,1,2,3,4,5,6,7,8,9,10,11,12,13,14,15,16,17,18,19,20,21,22,23,24,25,26,27,28,29,30,31,32,33,34,35,36,37,38,39,40,41,42,43,44,45,46,47",InitializedAndWaiting,9075,339646079,70,48,2847,79,5,8989293,4726995,7,3,"[[0],[1,2,6],[3,4,5,7,9,11,24],[8,15,17,18,19,31,33],[10,13,28,29,39],[12,22],[14,20],[16],[21],[23,41],[25],[26,27],[30],[32,37],[34],[35,40],[36],[38],[42],[43],[44],[45],[46],[47]]",3,10059,0,316,91924,"[3,4,5,7,9,11,24]",12176,184736957,78.4113,352.1704,3732.0597,144.1622,647.4789,6861.5369,9242
44617,6,K820,N_2_of_Clst_1_of_DC_0_of_CP_Lomocom68,9507,9919,9919,"0,1,2,3,4,5,6,7,8,9,10,11,12,13,14,15,16,17,18,19,20,21,22,23,24,25,26,27,28,29,30,31,32,33,34,35,36,37,38,39,40,41,42,43,44,45,46,47,48,49,50,51,52,53,54,55,56,57,58,59,60,61,62,63,64,65",InitializedAndWaiting,9507,445498227,97,66,4262,78,4,8894071,4612749,10,3,"[[0],[1,9],[2,3,4,6,10,44],[5,12,19,20,22,23,32,36,37],[7,8,14,15,26,29,43,46,53,58],[11,13,16,17,18,27,49],[21],[24,38,41,45,48],[25,33,39,52],[28,31],[30],[34],[35,57],[40,42],[47],[50,62],[51,55],[54,60],[56],[59],[61],[63],[64],[65]]",8,12947,0,55,136844,"[7,8,14,15,26,29,43,46,53,58]",21976,175507344,74.4938,334.5756,3545.6029,189.0909,849.2685,8999.9642,9769
44618,7,A439,N_1_of_FP_0_of_Jackolicom45,8133,8415,8415,"0,1,2,3,4,5,6,7,8,9,10,11",InitializedAndWaiting,8133,85724931,16,12,803,78,3,8844749,4846713,2,2,"[[0],[1,2],[3],[4,5],[6],[7],[8],[9],[10],[11]]",13,2362,0,825,26987,"[1,2]",2635,71406242,30.3083,136.1242,1442.5503,36.3858,163.4204,1731.8168,8265
44619,8,W381,N_1_of_Clst_0_of_DC_0_of_CP_Lomocom68,9173,9521,9521,"0,1,2,3,4,5,6,7,8,9,10,11,12,13,14,15,16,17,18,19,20,21,22,23,24,25,26,27,28,29,30,31,32,33,34,35,36,37,38,39,40,41,42,43,44,45,46,47,48,49",InitializedAndWaiting,9173,341628432,73,50,3041,79,4,8875314,4581903,5,3,"[[0],[1,2,7,11],[3,5,16,18,20],[4,6,21,22],[8,12,23,32],[9,10,28],[13],[14,15,19],[17,41],[24,25,27,36],[26],[29],[30],[31],[33,34,37,45],[35,38,42],[39],[40,46],[43],[44],[47],[48],[49]]",2,9354,0,223,111895,"[3,5,16,18,20]",12272,168288725,71.4298,320.8145,3399.7722,145.0036,651.258,6901.5845,9371
44620,9,L718,N_0_of_Clst_0_of_DC_0_of_CP_Lomocom68,475,796,796,"0,1,2,3,4,5,6,7,8,9,10,11,12,13,14,15,16,17,18,19,20,21,22,23,24,25,26,27,28,29,30,31,32,33,34,35,36,37,38,39,40",InitializedAndWaiting,475,280150008,59,41,2464,80,4,8893247,4639397,7,3,"[[0],[1,5],[2,3,7,9,11],[4,21,22,23,30],[6,8,14],[10,18,19,20,25,28,34],[12,15,24,31],[13],[16,26],[17],[27,33,36],[29],[32],[35],[37],[38],[39],[40]]",3,8239,0,85,86732,"[10,18,19,20,25,28,34]",13172,130629234,55.4453,249.023,2638.9744,118.9092,534.0595,5659.5961,646
44621,10,U672,N_2_of_Clst_0_of_DC_0_of_CP_Lomocom68,7689,8078,8078,"0,1,2,3,4,5,6,7,8,9,10,11,12,13,14,15,16,17,18,19,20,21,22,23,24,25,26,27,28,29,30,31,32,33",InitializedAndWaiting,7689,227074535,50,34,2055,78,5,8936340,4520362,5,3,"[[0],[1],[2,3,6,19,20],[4,10],[5,7],[8,12,16],[9,18],[11],[13,24],[14],[15,25],[17,26],[21],[22],[23],[27],[28],[29],[30],[31],[32],[33]]",15,6357,0,66,68836,"[2,3,6,19,20]",6999,154010834,65.3696,293.5961,3111.33,96.3814,432.8799,4587.3643,7928
44622,11,O698,N_3_of_Clst_0_of_DC_0_of_CP_Lomocom68,9239,9594,9594,"0,1,2,3,4,5,6,7,8,9,10,11,12,13,14,15,16,17,18,19,20,21,22,23,24,25,26,27,28",InitializedAndWaiting,9239,209987674,41,29,1749,75,3,8968521,4636319,3,3,"[[0],[1],[2],[3,9],[4],[5,13],[6,10,12],[7,19],[8],[11,21],[14],[15,20,24],[16],[17],[18],[22],[23],[25],[26],[27],[28]]",2,6183,0,64,61729,"[6,10,12]",5299,155203058,65.8757,295.8689,3135.4153,89.1289,400.3067,4242.1752,9444
44623,12,A534,JX510,9660,10001,10001,"0,1,2,3,4,5,6,7,8,9,10,11,12,13,14,15,16,17,18,19,20,21,22,23,24,25,26,27,28,29,30,31,32,33,34,35,36,37",InitializedAndWaiting,9660,252563758,56,38,2268,79,4,8679593,4556883,8,1,"[[0],[1,3],[2,4,5,6,9,16,23,32],[7,8,10,11,18,21],[12,17,31],[13],[14,34],[15],[19,30,33],[20],[22],[24],[25,26],[27],[28],[29],[35],[36],[37]]",2,7015,0,207,74538,"[2,4,5,6,9,16,23,32]",19818,134139617,56.9353,255.7149,2709.8913,107.2002,481.4709,5102.2981,9851
44624,13,M173,N_2_of_Clst_1_of_DC_0_of_CP_Lomocom68,277,667,667,"0,1,2,3,4,5,6,7,8,9,10,11,12,13,14,15,16,17,18,19,20,21,22,23,24,25,26,27,28,29,30,31,32,33,34,35,36,37,38,39,40,41,42,43,44,45,46,47,48,49,50,51,52,53,54,55,56,57,58,59,60,61,62,63,64,65,66,67,68,69,70,71,72",InitializedAndWaiting,277,484810671,108,73,4683,79,3,8994043,4502014,11,3,"[[0],[1],[2,3,5,7,15,16],[4],[6,9,10,11,17,20,21,52],[8,12,13,14,24,26,34,35,36,41,53],[18,22,38,39,47],[19,64,67],[23,37,42,54],[25,30],[27,48],[28,32,59],[29,58],[31,69],[33,40,49],[43],[44],[45],[46],[50],[51,60],[55,57],[56],[61,62],[63],[65],[66],[68],[70],[71],[72]]",2,14116,0,32,157849,"[8,12,13,14,24,26,34,35,36,41,53]",26989,220414966,93.5547,420.1846,4452.8276,205.777,924.2112,9794.155,517
44625,14,U279,TM197,378,796,796,"0,1,2,3,4,5,6,7,8,9,10,11,12,13,14,15,16,17,18,19,20,21,22,23,24,25,26,27,28,29,30,31,32,33,34,35,36,37,38,39",InitializedAndWaiting,378,290230067,56,40,2381,80,4,8934083,4501031,6,1,"[[0],[1,5],[2,3,6],[4,7,8,9,11,22],[10,12,18],[13,19,25],[14,17,28,34],[15],[16,26],[20],[21,23,37],[24],[27],[29],[30],[31],[32],[33],[35],[36],[38],[39]]",3,8873,0,261,85940,"[4,7,8,9,11,22]",9764,169593057,71.9835,323.301,3426.1224,123.1876,553.2755,5863.2337,646
44626,15,M424,N_0_of_FP_0_of_Jackolicom45,531,837,837,"0,1,2,3,4,5,6,7,8,9,10,11,12,13,14,15,16,17,18,19,20,21,22,23,24,25,26,27,28,29,30,31,32,33,34,35,36,37,38,39,40,41,42,43,44,45",InitializedAndWaiting,531,306392672,67,46,2542,79,3,8935122,4597954,8,2,"[[0],[1,2,7],[3,6,9,10,14,15],[4,8,11,16,18,19,24,37],[5],[12,17,25],[13,22,29,31],[20,30],[21,23],[26,34,41,43],[27],[28],[32,33],[35,36,40],[38,39],[42],[44],[45]]",3,8213,0,67,92932,"[4,8,11,16,18,19,24,37]",15632,130820947,55.5267,249.3884,2642.8474,130.0478,584.0868,6189.7509,687
44627,16,L236,N_2_of_FP_0_of_Jackolicom45,1806,2161,2161,"0,1,2,3,4,5,6,7,8,9,10,11,12,13,14,15,16,17,18,19,20,21,22,23,24,25,26,27,28,29,30,31,32,33,34,35,36,37,38,39,40,41,42,43,44,45,46,47",InitializedAndWaiting,1806,313331477,73,48,3267,80,4,8969293,4508847,6,2,"[[0],[1,2,4,29],[3,5,6,8,13,24],[7,21,28,35],[9,10,11,14,16,19],[12,20],[15,22,23,32],[17,26],[18,33],[25],[27,36],[30,39],[31],[34],[37],[38],[40,43],[41,45],[42],[44],[46],[47]]",20,9396,0,123,85375,"[9,10,11,14,16,19]",4943,157416064,66.815,300.0876,3180.1225,132.993,597.3145,6329.9288,2011
44628,17,C677,N_0_of_Clst_1_of_DC_0_of_CP_Lomocom68,2082,2394,2394,"0,1,2,3,4,5,6,7,8,9,10,11,12,13,14,15,16,17,18,19,20,21,22,23,24,25,26,27,28,29,30,31,32",InitializedAndWaiting,2082,210391417,46,33,1625,78,3,8878805,4639050,3,3,"[[0],[1,2],[3,4,5],[6],[7,13,22],[8,19],[9,16],[10,27,28],[11],[12],[14,18],[15,20,24],[17],[21],[23],[25],[26],[29],[30],[31],[32]]",10,7296,0,76,74839,"[3,4,5]",7351,139287923,59.1205,265.5293,2813.8974,89.3003,401.0763,4250.3317,2244
44629,18,J648,N_1_of_Clst_0_of_DC_0_of_CP_Lomocom68,3968,4265,4265,"0,1,2,3,4,5,6,7,8,9,10,11,12,13,14,15,16",InitializedAndWaiting,3968,111913480,24,17,1077,79,5,8592810,4576320,4,3,"[[0],[1],[2,3,4,6],[5,13],[7],[8],[9],[10],[11],[12],[14],[15],[16]]",9,3001,0,185,28387,"[2,3,4,6]",1988,85416918,36.2551,162.8332,1725.5943,47.5015,213.3445,2260.8784,4115
44630,19,N750,N_1_of_FP_0_of_Jackolicom45,4780,5176,5176,"0,1,2,3,4,5,6,7,8,9,10,11,12,13,14,15,16,17,18,19,20,21,22,23,24,25,26,27,28,29,30,31,32,33,34,35,36,37,38,39,40,41,42,43,44,45,46,47,48,49,50,51,52,53,54,55,56,57,58,59,60,61,62,63",InitializedAndWaiting,4780,414035353,93,64,4027,80,5,8966962,4551197,6,2,"[[0],[1,12],[2,4,18,44,45],[3,8],[5,38],[6,21],[7,22,27,30,58],[9,25,33,41],[10,11,15,31],[13,14,16,24,51,55],[17,26,35,39],[19,23],[20,43],[28,29],[32,46],[34],[36],[37],[40],[42,47],[48],[49],[50],[52],[53],[54,59],[56],[57],[60],[61],[62],[63]]",4,11841,0,39,122714,"[13,14,16,24,51,55]",15778,223799375,94.9912,426.6364,4521.1995,175.7366,789.2897,8364.3506,5026
44631,20,E884,N_1_of_Clst_1_of_DC_0_of_CP_Lomocom68,2703,2981,2981,"0,1,2,3,4,5,6,7,8,9,10,11,12,13,14",InitializedAndWaiting,2703,98352258,22,15,971,78,4,8965873,4858810,5,3,"[[0],[1,2],[3,4,5,6,10],[7],[8,9],[11,12],[13],[14]]",58,3295,0,341,28458,"[3,4,5,6,10]",9762,55806886,23.6871,106.3866,1127.4118,41.7454,187.4923,1986.9143,2831
44632,21,D345,N_0_of_Clst_1_of_DC_0_of_CP_Lomocom68,4886,5167,5167,"0,1,2,3,4,5,6,7,8,9,10",InitializedAndWaiting,4886,80400402,15,11,625,76,5,8777364,4693853,3,3,"[[0],[1,2],[3,4],[5,6,7],[8],[9],[10]]",75,2032,0,23,20071,"[5,6,7]",3495,53179640,22.572,101.3782,1074.3362,34.1258,153.27,1624.2505,5017
44633,22,H268,N_3_of_Clst_1_of_DC_0_of_CP_Lomocom68,1752,2106,2106,"0,1,2,3,4,5,6,7,8,9,10,11,12,13,14,15,16,17,18,19,20,21,22,23,24,25,26,27,28,29,30,31,32,33,34,35",InitializedAndWaiting,1752,236044426,51,36,1992,76,4,8839424,4548827,5,3,"[[0],[1,2],[3,4,5,10],[6,24],[7,8,11,16,30],[9,13,14],[12],[15],[17],[18],[19,34],[20],[21],[22],[23],[25],[26,28],[27],[29,32],[31],[33],[35]]",4,7457,0,181,73261,"[7,8,11,16,30]",10825,151795860,64.4295,289.3736,3066.583,100.1886,449.9796,4768.5743,1956
44634,23,V835,N_2_of_Clst_0_of_DC_0_of_CP_Lomocom68,992,1285,1285,"0,1,2,3,4,5,6,7,8,9,10,11,12,13,14,15,16,17,18,19,20,21,22,23,24,25",InitializedAndWaiting,992,187010620,37,26,1407,75,4,8999879,5109769,3,3,"[[0],[1,4,18],[2],[3,5,7],[6],[8],[9,11,13],[10,19],[12,17],[14,15],[16],[20],[21],[22,23],[24],[25]]",15,5250,0,32,54745,"[3,5,7]",5584,118374061,50.2437,225.6605,2391.3952,79.3763,356.5047,3777.9923,1135
44635,24,X622,N_3_of_Clst_1_of_DC_0_of_CP_Lomocom68,6498,6905,6905,"0,1,2,3,4,5,6,7,8,9,10,11,12,13,14,15,16,17,18,19,20,21,22,23,24,25,26,27,28,29,30,31,32,33,34,35,36,37,38,39,40,41,42,43,44,45,46,47,48,49",InitializedAndWaiting,6498,329170605,72,50,2952,78,3,8916614,4503466,5,3,"[[0],[1],[2],[3,39],[4,5],[6,7,8,16],[9,14,17,24,31],[10,12,21,23,36],[11,29,38],[13,25,27],[15,19,40],[18],[20],[22,32,34],[26],[28],[30],[33,35,43],[37],[41],[42],[44],[45],[46,47],[48],[49]]",13,10654,0,28,109429,"[10,12,21,23,36]",11804,180110925,76.4478,343.3516,3638.6045,139.7159,627.5092,6649.9112,6755
44636,25,V561,N_1_of_Clst_1_of_DC_0_of_CP_Lomocom68,7484,7741,7741,"0,1,2,3,4,5,6,7",InitializedAndWaiting,7484,46935097,9,8,322,58,13,8506016,4551070,2,3,"[[0],[1],[2,3],[4],[5],[6],[7]]",11,1656,0,721,15299,"[2,3]",2003,41855743,17.7656,79.791,845.5706,19.9215,89.474,948.1838,7591
44637,26,S841,N_0_of_Clst_1_of_DC_0_of_CP_Lomocom68,125,489,489,"0,1,2,3,4,5,6,7,8,9,10,11,12,13,14,15,16,17,18,19,20,21,22,23,24,25,26,27,28,29,30,31,32,33,34,35,36,37,38,39,40,41,42,43,44,45,46,47,48,49,50,51,52,53,54,55,56,57,58,59,60,61,62",InitializedAndWaiting,125,437076155,91,63,3385,79,5,8951703,4635678,8,3,"[[0],[1,2,20],[3,4,27],[5,6,7,8,9,12],[10,11,13,14,15,21,26,30],[16,24,25,28,45,57],[17,23,29,31,37,46],[18],[19,49],[22,32,33],[34,39],[35,40,44,48,50],[36,43],[38,55],[41,51],[42],[47],[52,59],[53],[54],[56],[58],[60],[61],[62]]",7,14115,0,76,126941,"[10,11,13,14,15,21,26,30]",17893,188622942,80.0607,359.5784,3810.5645,185.5162,833.2132,8829.8213,339
44638,27,J838,N_1_of_Clst_1_of_DC_0_of_CP_Lomocom68,5050,5358,5358,"0,1,2,3,4,5,6,7,8,9,10,11,12",InitializedAndWaiting,5050,89944224,17,13,767,78,9,8665830,4519284,3,3,"[[0],[1,4,5],[2],[3],[6],[7],[8],[9],[10],[11],[12]]",141,3371,0,344,28057,"[1,4,5]",7094,76962437,32.6666,146.7161,1554.7967,38.1767,171.4637,1817.055,5208
44639,28,J155,N_0_of_Clst_1_of_DC_0_of_CP_Lomocom68,1948,2286,2286,"0,1,2,3,4,5,6,7,8,9,10,11,12,13,14,15,16,17,18,19,20,21,22,23,24,25,26,27,28,29,30,31,32,33,34,35,36,37,38,39,40,41,42,43,44,45,46,47,48,49,50,51,52,53,54,55,56,57,58,59,60,61,62,63,64,65,66,67,68,69,70,71,72,73,74,75,76",InitializedAndWaiting,1948,507477019,120,77,4860,80,3,8968688,4556912,9,3,"[[0],[1,3],[2,4,5,6,13,25,33],[7,24,27,38,40,46,49],[8,10,11,14,15,26,44,54,57],[9,18,28,32,37,56],[12,19,21,23,42],[16,20,35,41,45],[17,22,29,34,53],[30,39,43,65],[31,48,60,61],[36],[47,67],[50],[51,59,70],[52,66],[55,64],[58],[62,69,72],[63],[68],[71],[73],[74],[75],[76]]",3,14531,0,37,164593,"[8,10,11,14,15,26,44,54,57]",17397,192810366,81.838,367.561,3895.1589,215.3977,967.4208,10252.061,2136
44640,29,J283,JX510,9674,9991,9991,"0,1,2,3,4,5,6,7,8,9,10,11,12,13,14",InitializedAndWaiting,9674,101254946,19,15,857,80,3,8949293,4608468,2,1,"[[0],[1,2],[3],[4,8],[5,7],[6],[9,10],[11,12],[13],[14]]",16,2816,0,466,30170,"[1,2]",2899,71831797,30.4889,136.9354,1451.1474,42.9775,193.0258,2045.5545,9841
44641,30,V393,N_1_of_Clst_1_of_DC_0_of_CP_Lomocom68,7265,7593,7593,"0,1,2,3,4,5,6,7,8,9,10,11,12,13,14,15,16,17,18,19,20,21,22,23,24,25,26,27,28,29,30,31,32,33,34,35,36,37,38,39,40,41",InitializedAndWaiting,7265,275684534,59,42,2362,78,6,8675482,4687794,5,3,"[[0],[1,2],[3,4,10,13,15],[5,6,12,17,27],[7,8],[9,11,30],[14],[16],[18,28],[19,23,33],[20],[21,22],[24],[25,26,29],[31],[32],[34],[35],[36],[37],[38],[39],[40],[41]]",7,8061,0,21,72714,"[3,4,10,13,15]",5058,165513925,70.2521,315.5249,3343.7157,117.0138,525.5468,5569.3845,7443
44642,31,K295,N_3_of_Clst_0_of_DC_0_of_CP_Lomocom68,4561,4958,4958,"0,1,2,3,4,5,6,7,8,9,10,11,12,13,14,15,16,17,18,19,20,21,22,23,24,25,26,27,28,29,30,31,32,33,34,35,36,37,38,39,40,41,42,43,44,45,46,47,48,49,50,51,52,53,54,55,56,57,58,59,60,61,62,63,64,65,66,67,68,69,70,71,72,73",InitializedAndWaiting,4561,488915909,107,74,4423,80,4,8956209,4577197,10,3,"[[0],[1,2,3,5,26],[4,6,7,9,11,12,15,28,36,52],[8,14,16,25,35,37],[10,17],[13,33,59],[18,30,51],[19,47],[20,24],[21,23,29,34,39,40,43,45],[22,42,49,57,60,62,63],[27],[31,53],[32],[38,44,50,56],[41],[46,48],[54],[55],[58],[61],[64,66],[65],[67,68],[69],[70],[71],[72],[73]]",2,13846,0,224,146258,"[4,6,7,9,11,12,15,28,36,52]",21285,205956064,87.4177,392.6211,4160.7286,207.5195,932.0371,9877.0891,4808
44643,32,M299,N_1_of_FP_0_of_Jackolicom45,7344,7662,7662,"0,1,2,3,4,5,6,7,8,9",InitializedAndWaiting,7344,68921071,12,10,567,79,9,8672457,4611878,1,2,"[[0],[1],[2],[3],[4],[5],[6],[7],[8],[9]]",13,1856,0,1355,24799,[7],1355,68921071,29.2534,131.3866,1392.3449,29.2534,131.3866,1392.3449,7512
44644,33,T356,N_0_of_Clst_1_of_DC_0_of_CP_Lomocom68,8435,8833,8833,"0,1,2,3,4,5,6,7,8,9,10,11,12,13,14,15,16,17,18,19,20,21,22,23,24,25,26,27,28,29,30,31,32,33,34,35,36,37,38,39,40,41,42,43,44,45,46,47,48,49,50,51,52,53,54,55,56,57,58,59,60,61,62,63,64,65",InitializedAndWaiting,8435,428008937,94,66,4338,79,5,8975022,4511080,7,3,"[[0],[1,4,17,32],[2,3,12,24],[5,6,14,16,18,21,29],[7,13],[8,22,23,26,30,62],[9,40],[10,36],[11],[15,28],[19,49],[20,34,51],[25],[27],[31,44,59],[33,41],[35],[37,58],[38,42],[39],[43],[45],[46,54],[47,57],[48,60],[50],[52,55],[53],[56,64],[61],[63],[65]]",5,13621,0,94,152320,"[5,6,14,16,18,21,29]",15025,223830359,95.0044,426.6955,4521.8254,181.6676,815.9281,8646.6452,8683
44645,34,I728,JX510,5228,5527,5527,"0,1,2,3,4,5,6,7,8,9,10,11,12,13,14,15,16,17,18,19,20,21,22",InitializedAndWaiting,5228,164043718,32,23,1287,78,5,8833697,5561175,3,1,"[[0],[1,2],[3,4],[5],[6],[7,8,9],[10,11,15],[12],[13],[14],[16],[17,20],[18],[19],[21],[22]]",19,5895,0,235,55075,"[7,8,9]",7096,118448222,50.2751,225.8019,2392.8934,69.6281,312.7221,3314.0145,5377
44646,35,A856,N_1_of_Clst_0_of_DC_0_of_CP_Lomocom68,4760,5194,5194,"0,1,2,3,4,5,6,7,8,9,10,11,12,13,14,15,16,17,18,19,20,21,22,23,24,25,26,27,28,29,30,31,32,33,34,35,36,37,38,39,40,41,42,43,44,45,46,47,48,49,50,51,52,53,54,55,56,57,58,59,60,61,62,63,64,65,66,67,68,69,70,71",InitializedAndWaiting,4760,464549997,110,72,4648,79,5,8880041,4533005,10,3,"[[0],[1,4,20],[2,3,11,12,13,15,24,38],[5,6,7,8,19,22,29,30,32,43],[9,26,45,46],[10,14,16,23,25,27,37,47,53],[17,18,21,34,41,51],[28,48,55],[31,40,42,49,59],[33,35,52],[36,39],[44,62],[50,56],[54,57],[58],[60],[61],[63],[64],[65],[66],[67],[68],[69],[70],[71]]",5,14214,0,23,143751,"[5,6,7,8,19,22,29,30,32,43]",18933,181604380,77.0817,346.1986,3668.7754,197.1774,885.5875,9384.8484,5044
44647,36,N244,N_1_of_Clst_1_of_DC_0_of_CP_Lomocom68,3738,4135,4135,"0,1,2,3,4,5,6,7,8,9,10,11,12,13,14,15,16,17,18,19,20,21,22,23,24,25,26,27,28,29,30,31,32,33,34,35,36,37,38,39,40,41,42,43,44,45,46,47,48,49,50,51,52,53,54,55,56,57,58,59,60,61,62,63,64",InitializedAndWaiting,3738,431458703,97,65,4144,79,3,8995670,4648389,9,3,"[[0],[1,4],[2,3,5,10,13,14,17],[6,7,11,12,19,21,29,32,45],[8,16,20],[9],[15,23,36],[18],[22,24,26,38,41,47,48],[25],[27,39,43],[28,34,51],[30,37,57],[31],[33,44],[35],[40,49],[42,53],[46],[50],[52],[54],[55],[56],[58],[59],[60],[61],[62],[63],[64]]",9,12406,0,61,144637,"[6,7,11,12,19,21,29,32,45]",17239,213881525,90.7816,407.7297,4320.8389,183.1319,822.5045,8716.3374,3985
44648,37,S395,N_1_of_Clst_0_of_DC_0_of_CP_Lomocom68,4726,5048,5048,"0,1,2,3,4,5,6,7,8,9,10,11,12,13,14,15,16,17,18,19,20,21,22,23,24,25,26,27,28,29,30,31,32,33,34,35,36,37,38,39",InitializedAndWaiting,4726,278601267,58,40,2110,80,4,8988230,4531417,7,3,"[[0],[1,2],[3,4,5,6,7,29],[8,9,10,13,14,18,20],[11],[12,27,31],[15,22],[16],[17,30],[19,21,23,25],[24],[26],[28],[32,35,37],[33],[34],[36],[38],[39]]",4,6518,0,46,76809,"[8,9,10,13,14,18,20]",18656,142277606,60.3895,271.2287,2874.2951,118.2518,531.1071,5628.3084,4898
44649,38,N555,N_2_of_FP_0_of_Jackolicom45,8847,9180,9180,"0,1,2,3,4,5,6,7,8,9,10,11,12,13,14,15,16,17,18,19,20,21,22,23,24",InitializedAndWaiting,8847,168254193,34,25,1520,80,5,8910525,4511420,3,2,"[[0],[1,4],[2,3,6],[5],[7],[8,9],[10,13],[11,16],[12,18,22],[14,17],[15],[19],[20],[21],[23],[24]]",18,4134,0,135,49481,"[12,18,22]",6203,109662946,46.5462,209.0542,2215.4131,71.4152,320.7487,3399.0746,9030
44650,39,Z523,N_3_of_Clst_1_of_DC_0_of_CP_Lomocom68,2336,2683,2683,"0,1,2,3,4,5,6,7,8,9,10,11,12,13,14,15,16,17,18,19,20,21,22,23,24,25,26,27,28,29,30,31",InitializedAndWaiting,2336,235585644,49,32,2055,80,5,8984419,5020069,6,3,"[[0],[1,2],[3,4,6,7,8],[5,9,10,14,18,20],[11,13],[12,23],[15],[16],[17],[19,26],[21],[22],[24],[25],[27],[28],[29],[30],[31]]",19,6515,0,199,65825,"[5,9,10,14,18,20]",10670,145850296,61.9059,278.0394,2946.4706,99.9939,449.105,4759.3059,2533
44651,40,J749,N_2_of_Clst_1_of_DC_0_of_CP_Lomocom68,5186,5539,5539,"0,1,2,3,4,5,6,7,8,9,10,11,12,13,14,15,16,17,18,19,20,21,22,23,24,25,26,27,28,29,30,31,32,33,34,35,36,37,38,39,40,41,42",InitializedAndWaiting,5186,283687208,63,43,2642,79,3,8948185,4576745,7,3,"[[0],[1,2,3,9],[4,5,6,7,30,32,40],[8,10,17],[11,25,28],[12,21],[13,19,26],[14,18,22],[15],[16,34],[20,23],[24,27],[29],[31],[33],[35],[36,41],[37],[38],[39],[42]]",2,8310,0,99,76270,"[4,5,6,7,30,32,40]",16061,151228217,64.1885,288.2915,3055.1155,120.4105,540.8026,5731.0547,5389
44652,41,I105,N_3_of_Clst_0_of_DC_0_of_CP_Lomocom68,8491,8828,8828,"0,1,2,3,4,5,6,7,8,9,10,11,12,13,14,15,16,17,18,19,20,21,22,23,24,25,26,27,28,29,30,31,32,33,34,35,36,37,38,39,40,41,42,43,44,45,46,47,48,49,50,51,52,53,54,55",InitializedAndWaiting,8491,395413147,83,56,3428,78,5,8970069,4562239,7,3,"[[0],[1],[2,5,25],[3,4,6,11,12],[7,18,21,27,28,29],[8,24,44],[9,10,17,22,23,39,40],[13,15,16,19,20,31,32],[14,34,35,51],[26,47],[30,36],[33,52],[37,45],[38],[41],[42],[43],[46],[48],[49],[50],[53],[54],[55]]",8,11252,0,29,113794,"[9,10,17,22,23,39,40]",16022,187049654,79.3929,356.5791,3778.7809,167.8324,753.7896,7988.1444,8678
44653,42,K526,N_1_of_Clst_0_of_DC_0_of_CP_Lomocom68,6514,6926,6926,"0,1,2,3,4,5,6,7,8,9,10,11,12,13,14,15,16,17,18,19,20,21,22,23,24,25,26,27,28,29,30,31,32,33,34,35,36,37,38,39,40,41,42,43,44,45,46,47,48,49,50,51,52,53,54,55,56,57,58,59,60,61,62,63,64,65",InitializedAndWaiting,6514,449417577,101,66,4497,76,3,8994782,4550446,9,3,"[[0],[1,4,11,30],[2,3,6,8,32,46,52],[5,7,13,31,43,53],[9,10,12,19,21,42,49],[14,15,17,18,22,25,26,28,35],[16,38],[20,27,39],[23,34,50],[24,29],[33,37],[36,41,47],[40],[44,45],[48,61],[51,57],[54],[55],[56,59],[58,60],[62],[63],[64],[65]]",3,12760,0,136,141815,"[14,15,17,18,22,25,26,28,35]",20636,181228491,76.9221,345.4821,3661.1816,190.7545,856.7401,9079.143,6776
44654,43,J736,N_1_of_Clst_1_of_DC_0_of_CP_Lomocom68,2151,2371,2371,"0,1,2,3,4,5,6",InitializedAndWaiting,2151,54481155,9,7,354,78,17,8531658,5861097,2,3,"[[0],[1],[2,3],[4],[5],[6]]",36,1425,0,303,11008,"[2,3]",1480,48620058,20.6367,92.6861,982.2234,23.1244,103.8593,1100.6294,2221
44655,44,U185,N_3_of_Clst_1_of_DC_0_of_CP_Lomocom68,2823,3212,3212,"0,1,2,3,4,5,6,7,8,9,10,11,12,13,14,15,16,17,18,19,20,21,22,23,24,25,26,27,28,29,30,31,32,33,34,35,36,37,38,39,40,41,42,43,44,45,46,47,48,49,50,51,52,53,54",InitializedAndWaiting,2823,364147885,82,55,3067,78,4,8975566,4507916,8,3,"[[0],[1,4,11],[2,3,8,19,21],[5],[6,7,9,10,12,14,16,17],[13,33],[15,22,24,32,34,35,37],[18,20],[23],[25,39,40,41],[26,36,50],[27,30,44],[28,52],[29,31],[38],[42,48],[43],[45],[46,47],[49],[51],[53],[54]]",10,11438,0,120,112035,"[6,7,9,10,12,14,16,17]",14253,168716224,71.6113,321.6295,3408.4086,154.5619,694.1876,7356.5229,3062
44656,45,I876,N_1_of_FP_0_of_Jackolicom45,4876,5111,5111,"0,1,2,3,4,5,6,7,8,9,10",InitializedAndWaiting,4876,69674549,16,11,697,79,6,8876803,4793958,3,2,"[[0],[1],[2],[3],[4,6,8],[5],[7],[9],[10]]",4,2260,0,132,16445,"[4,6,8]",2393,59578974,25.2882,113.5774,1203.6156,29.5732,132.823,1407.5666,4961
44657,46,B381,N_1_of_Clst_0_of_DC_0_of_CP_Lomocom68,1852,2193,2193,"0,1,2,3,4,5,6,7,8,9,10,11,12,13,14,15,16,17,18,19",InitializedAndWaiting,1852,135663223,28,20,1025,77,3,8826214,4951118,3,3,"[[0],[1],[2],[3,4,14],[5],[6],[7,8],[9],[10],[11],[12],[13],[15],[16],[17],[18],[19]]",55,4347,0,108,36322,"[3,4,14]",8959,117096269,49.7013,223.2246,2365.5812,57.582,258.6194,2740.6712,2043
44658,47,J150,N_2_of_Clst_0_of_DC_0_of_CP_Lomocom68,1309,1729,1729,"0,1,2,3,4,5,6,7,8,9,10,11,12,13,14,15,16,17,18,19,20,21,22,23,24,25,26,27,28,29,30,31,32,33,34,35,36,37,38,39,40,41,42,43,44,45,46,47,48,49,50,51,52,53,54,55,56,57,58",InitializedAndWaiting,1309,400462128,90,59,3796,79,3,8971347,4510231,9,3,"[[0],[1,2,5],[3,4,10,11,12,27,53],[6,15],[7,9,13,14,19,21,22,37,51],[8,18,20,24,33,36],[16,30,32,34,46,52],[17,28],[23,40],[25,29],[26],[31,35],[38],[39],[41],[42],[43,57],[44],[45,49],[47],[48],[50],[54],[55],[56],[58]]",12,12022,0,225,122210,"[7,9,13,14,19,21,22,37,51]",23572,180319605,76.5363,343.7494,3642.8203,169.9754,763.4146,8090.144,1579
44659,48,G135,N_2_of_FP_0_of_Jackolicom45,4611,4920,4920,"0,1,2,3,4,5,6,7,8,9,10,11,12,13,14,15,16,17,18,19,20",InitializedAndWaiting,4611,143078210,29,21,1044,75,5,8946941,4618591,3,2,"[[0],[1],[2],[3,8,16],[4,5],[6,7],[9],[10,11],[12,19],[13],[14,18],[15],[17],[20]]",11,3496,0,424,47674,"[3,8,16]",6280,103834443,44.0723,197.9431,2097.6655,60.7293,272.7549,2890.4689,4770
44660,49,O514,TM197,4088,4335,4335,"0,1,2,3,4,5",InitializedAndWaiting,4088,45656609,6,6,236,78,14,8996504,5122367,1,1,"[[0],[1],[2],[3],[4],[5]]",64,1099,0,534,10729,[1],534,45656609,19.3789,87.0368,922.3557,19.3789,87.0368,922.3557,4185
44661,50,A512,N_3_of_Clst_0_of_DC_0_of_CP_Lomocom68,7702,8009,8009,"0,1,2,3,4,5,6,7,8,9,10,11,12,13,14,15,16,17,18,19,20,21,22,23,24,25,26,27,28,29,30,31,32,33,34",InitializedAndWaiting,7702,231121953,49,35,2134,74,5,8815465,4558224,5,3,"[[0],[1,11],[2,3,5,9,15],[4,16,23,27],[6,10,13],[7,18],[8],[12],[14,26],[17,20],[19],[21],[22],[24],[25,30],[28],[29],[31],[32],[33],[34]]",19,6414,0,291,67518,"[4,16,23,27]",7148,146353185,62.1193,278.9981,2956.63,98.0993,440.5957,4669.1304,7859
44662,51,N123,N_1_of_FP_0_of_Jackolicom45,3644,4002,4002,"0,1,2,3,4,5,6,7,8,9,10,11,12,13,14,15,16,17,18,19,20,21,22,23,24,25,26,27,28,29,30,31,32,33,34,35,36,37",InitializedAndWaiting,3644,255808914,55,38,2314,77,7,8862635,4522493,7,2,"[[0],[1],[2,3,5],[4,6,7,8,9,16,17],[10,25],[11,23,24,31],[12,19],[13,18],[14],[15],[20],[21],[22],[26],[27,29],[28],[30],[32],[33],[34],[35],[36],[37]]",13,7885,0,151,73593,"[4,6,7,8,9,16,17]",14319,160148518,67.9748,305.2966,3235.3236,108.5776,487.6573,5167.8568,3852
44663,52,Q745,N_0_of_FP_0_of_Jackolicom45,3945,4332,4332,"0,1,2,3,4,5,6,7,8,9,10,11,12,13,14,15,16,17,18,19,20,21,22,23,24,25,26,27,28,29,30,31,32,33,34,35,36,37,38,39,40,41,42,43,44,45,46,47,48,49,50,51,52,53,54,55,56,57,58,59,60,61,62,63,64,65,66",InitializedAndWaiting,3945,461071645,98,67,4319,79,4,8980185,4754854,8,2,"[[0],[1,2,4,7],[3,12,14,15,16,25,29,38],[5,8,17,18,20,48],[6,9,21,36],[10,26,31,33],[11,13,37],[19,49],[22],[23,52,53],[24,32,34,39,46,56,58,59],[27,40,63],[28,54],[30,35],[41],[42],[43,44,60],[45,61],[47],[50],[51],[55,57],[62],[64],[65],[66]]",6,11983,0,26,139287,"[3,12,14,15,16,25,29,38]",15727,187179253,79.4479,356.8262,3781.3991,195.701,878.9566,9314.5787,4182
44664,53,P185,N_0_of_Clst_1_of_DC_0_of_CP_Lomocom68,5335,5578,5578,"0,1,2,3,4",InitializedAndWaiting,5335,35355988,5,5,198,68,16,8896471,4583361,1,3,"[[0],[1],[2],[3],[4]]",142,1362,0,115,12916,[0],115,35355988,15.0068,67.4003,714.2624,15.0068,67.4003,714.2624,5428
44665,54,B364,N_2_of_FP_0_of_Jackolicom45,7908,8257,8257,"0,1,2,3,4,5,6,7,8,9,10,11,12,13,14,15,16,17,18,19,20,21,22,23,24,25,26,27,28,29,30,31,32,33,34,35,36,37,38,39,40,41,42,43,44,45,46,47,48,49,50,51,52,53,54,55,56,57,58,59,60,61,62,63",InitializedAndWaiting,7908,431301005,98,64,3673,80,4,8995638,4533376,10,2,"[[0],[1,2,3],[4,5,6,7,10,12,20,23],[8,13,22,26,31,32,39,50],[9,11,14,15,16,17,18,33,37,40],[19,21,29,36,47],[24,27,42],[25],[28,51,54],[30,34],[35,38,45,46,57],[41],[43],[44,48],[49,62],[52],[53],[55],[56,58],[59],[60],[61],[63]]",6,11809,0,28,123471,"[9,11,14,15,16,17,18,33,37,40]",13645,160198511,67.996,305.3919,3236.3336,183.0649,822.2038,8713.1516,8107
44666,55,H185,TM197,3235,3470,3470,"0,1,2,3,4,5",InitializedAndWaiting,3235,39637135,7,6,307,76,20,7486854,5161727,1,1,"[[0],[1],[2],[3],[4],[5]]",36,995,0,860,15110,[2],2709,39637135,16.8239,75.5616,800.7502,16.8239,75.5616,800.7502,3320
44667,56,C189,N_1_of_Clst_1_of_DC_0_of_CP_Lomocom68,2419,2775,2775,"0,1,2,3,4,5,6,7,8,9,10,11,12,13,14,15,16,17,18,19,20,21,22",InitializedAndWaiting,2419,150730469,33,23,1332,78,4,8917054,4567949,4,3,"[[0],[1,5],[2,3,10],[4,9],[6,7,8,15],[11,12,14],[13],[16],[17],[18],[19],[20],[21],[22]]",17,3997,0,105,36445,"[6,7,8,15]",8807,99718221,42.3252,190.0963,2014.5095,63.9773,287.3426,3045.06,2625
44668,57,J750,N_3_of_Clst_1_of_DC_0_of_CP_Lomocom68,2554,2890,2890,"0,1,2,3,4,5,6,7,8,9,10,11,12,13,14,15,16,17,18,19,20,21,22,23,24,25,26,27,28,29,30,31,32,33,34,35,36,37,38,39,40,41,42,43,44",InitializedAndWaiting,2554,301363016,63,45,2208,79,4,8984734,4535045,6,3,"[[0],[1],[2,3,4,5,6,8],[7,18,22],[9,12,15,16,17],[10,20,37],[11],[13,14,25,31],[19],[21],[23,30,32,36],[24,26,35,38],[27],[28],[29],[33,34],[39],[40],[41,43],[42],[44]]",2,9120,0,319,107334,"[2,3,4,5,6,8]",13784,153480095,65.1444,292.5844,3100.608,127.913,574.4986,6088.1417,2740
44669,58,Z122,N_3_of_Clst_0_of_DC_0_of_CP_Lomocom68,2593,2917,2917,"0,1,2,3,4,5,6,7,8,9,10,11,12,13,14,15,16,17,18,19,20",InitializedAndWaiting,2593,140283215,29,21,1232,75,11,8519520,4716248,2,3,"[[0],[1,3],[2,14],[4,7],[5],[6],[8],[9],[10,17],[11,18],[12,13],[15],[16],[19],[20]]",2,4629,0,24,52093,"[11,18]",6324,102798474,43.6326,195.9682,2076.7368,59.543,267.4267,2834.0043,2767
44670,59,B688,N_1_of_Clst_1_of_DC_0_of_CP_Lomocom68,9358,9727,9727,"0,1,2,3,4,5,6,7,8,9,10,11,12,13,14,15,16,17,18,19,20,21,22,23,24,25,26,27,28,29,30,31,32,33,34,35,36,37,38,39,40,41,42,43,44,45,46,47,48,49,50,51,52,53,54,55,56,57,58,59,60,61,62,63,64,65,66,67,68,69,70,71",InitializedAndWaiting,9358,500737755,106,72,4389,79,4,8971504,4506426,9,3,"[[0],[1,3],[2,5,6,7,8,12,18,26,57],[4,9,10,14,17,23,39],[11,15,16,27,29,31,36],[13,38],[19,32,47],[20,22,30],[21,28,37,40,50,56],[24,35,66],[25,51,52],[33],[34,62],[41,46],[42,43,58],[44,45],[48,53],[49],[54],[55],[59],[60],[61],[63],[64],[65],[67],[68],[69],[70],[71]]",2,13618,0,104,154465,"[2,5,6,7,8,12,18,26,57]",18958,231605121,98.3044,441.5168,4678.8913,212.5372,954.5735,10115.9142,9577
44671,60,N783,N_0_of_Clst_1_of_DC_0_of_CP_Lomocom68,2776,3042,3042,"0,1,2,3,4,5,6,7,8,9,10,11,12,13,14,15,16,17,18,19,20,21,22",InitializedAndWaiting,2776,162674183,34,23,1363,77,4,8928611,4793199,7,3,"[[0],[1,2],[3,4,5,6,8,11,13],[7,9,10],[12],[14],[15,17],[16],[18,20],[19],[21],[22]]",10,4439,0,440,57144,"[3,4,5,6,8,11,13]",21174,94030219,39.911,179.253,1899.6004,69.0468,310.1114,3286.3471,2892
44672,61,N170,N_0_of_Clst_0_of_DC_0_of_CP_Lomocom68,9740,10096,10096,"0,1,2,3,4,5,6,7,8,9,10,11,12,13,14,15",InitializedAndWaiting,9740,111648031,21,16,910,80,6,8823991,5031374,2,3,"[[0],[1,4],[2],[3],[5],[6,9],[7],[8],[10],[11],[12],[13],[14],[15]]",5,3357,0,290,31572,"[1,4]",4182,100638196,42.7157,191.85,2033.0949,47.3888,212.8385,2255.5158,9946
44673,62,R329,N_3_of_Clst_1_of_DC_0_of_CP_Lomocom68,9154,9485,9485,"0,1,2,3,4,5,6,7,8,9,10,11,12,13,14,15,16,17,18,19,20,21,22,23,24,25,26,27,28,29,30,31,32,33,34,35,36,37,38,39,40,41,42,43,44,45,46,47,48,49,50,51,52,53,54,55,56,57,58,59,60,61,62,63,64,65,66",InitializedAndWaiting,9154,443841099,100,67,3900,79,3,8988574,4505701,12,3,"[[0],[1,2,13,31],[3,7,8,36,44],[4],[5,6,9,11,15,19,21,23,29,32],[10,12,14,16,17,22,25,26,34,40,41,58],[18,33,43],[20,27,30,47,52],[24,28,46],[35,48,60],[37],[38],[39,53,59],[42],[45],[49,51],[50,57,62,64],[54],[55,63],[56],[61,65],[66]]",10,13477,0,35,138116,"[10,12,14,16,17,22,25,26,34,40,41,58]",29791,165978103,70.4491,316.4097,3353.093,188.3876,846.1095,8966.4868,9335
44674,63,E683,N_1_of_FP_0_of_Jackolicom45,6927,7271,7271,"0,1,2,3,4,5,6,7,8,9,10,11,12,13,14,15,16,17,18,19,20,21,22,23,24,25,26,27,28,29,30,31,32,33,34,35,36,37,38,39,40,41",InitializedAndWaiting,6927,285238882,60,42,2365,76,3,8991264,4542072,5,2,"[[0],[1,2,4],[3,5,19,21],[6],[7,25],[8,12,14,20,22],[9,17,38],[10,24],[11],[13,18],[15,29,34],[16,31,32],[23],[26],[27],[28],[30],[33],[35],[36,39],[37],[40],[41]]",6,8994,0,31,81782,"[8,12,14,20,22]",7557,163361050,69.3383,311.4208,3300.2232,121.0691,543.7606,5762.4017,7121
44675,64,U739,N_0_of_Clst_1_of_DC_0_of_CP_Lomocom68,4957,5347,5347,"0,1,2,3,4,5,6,7,8,9,10,11,12,13,14,15,16,17,18,19,20,21,22,23,24,25,26,27,28,29,30,31,32,33,34,35,36,37,38,39,40,41,42,43,44,45,46,47,48,49,50,51,52,53,54,55,56,57,58,59,60,61,62,63,64,65,66,67",InitializedAndWaiting,4957,472549210,100,68,4341,79,7,8772771,4552346,8,3,"[[0],[1,16],[2,3,8,12],[4,6],[5,7,9,10,17,20,32,43],[11,21,31,39,55],[13,18,23,54],[14,15,19,25,26,48],[22,40,44],[24,33,46],[27,28,34,36,45],[29],[30,53,58,59],[35,51],[37,38],[41,42,47,49,50],[52],[56,57],[60],[61],[62],[63],[64],[65],[66],[67]]",5,14497,0,82,130195,"[5,7,9,10,17,20,32,43]",8115,195300603,82.895,372.3082,3945.4667,200.5727,900.8367,9546.4487,5197
44676,65,G212,N_2_of_Clst_1_of_DC_0_of_CP_Lomocom68,8226,8586,8586,"0,1,2,3,4,5,6,7,8,9,10,11,12,13,14,15,16,17,18,19,20,21,22,23,24,25,26,27,28,29,30,31,32,33,34,35,36,37,38,39,40,41,42,43,44,45",InitializedAndWaiting,8226,291395360,64,46,2636,80,3,8981429,4552829,6,3,"[[0],[1,4,17,20],[2,3,22],[5,7],[6,8],[9,10,12,14,25],[11,18,38],[13,23,24,26,35,40],[15],[16,27,30],[19],[21],[28,42],[29],[31],[32],[33],[34],[36],[37],[39],[41],[43],[44],[45]]",28,10886,0,37,96923,"[13,23,24,26,35,40]",8723,169934707,72.1285,323.9523,3433.0244,123.6822,555.4969,5886.7749,8436
44677,66,M750,N_0_of_Clst_0_of_DC_0_of_CP_Lomocom68,8438,8756,8756,"0,1,2,3,4,5,6,7,8,9,10,11,12,13,14,15,16,17,18,19,20,21,22",InitializedAndWaiting,8438,163577226,33,23,1192,74,5,8973180,5010308,3,3,"[[0],[1,4,8],[2,3],[5],[6,7,10],[9],[11],[12],[13],[14],[15],[16],[17],[18],[19],[20],[21],[22]]",25,4647,0,149,39214,"[6,7,10]",4823,132341265,56.172,252.2867,2673.5609,69.4301,311.8329,3304.5904,8606
44678,67,W776,N_0_of_Clst_0_of_DC_0_of_CP_Lomocom68,9522,9855,9855,"0,1,2,3,4,5,6,7,8,9,10,11,12,13,14,15,16,17,18,19,20,21,22,23,24,25,26,27",InitializedAndWaiting,9522,190402015,38,28,1427,79,3,8750181,4664226,6,3,"[[0],[1],[2,4],[3,11],[5,6,9,17,19,26],[7,15],[8],[10,14,22],[12,16],[13],[18,23],[20],[21],[24],[25],[27]]",11,5819,0,112,55358,"[5,6,9,17,19,26]",9632,112931624,47.9336,215.2854,2281.4469,80.8158,362.9699,3846.5054,9705
44679,68,P398,N_1_of_FP_0_of_Jackolicom45,1933,2269,2269,"0,1,2,3,4,5,6,7,8,9,10,11,12,13,14,15,16,17,18,19,20,21,22,23,24",InitializedAndWaiting,1933,161342819,34,25,1349,79,6,8704822,4577207,3,2,"[[0],[1,6,10],[2,5],[3,16],[4,11,17],[7],[8],[9],[12],[13],[14],[15],[18],[19],[20],[21],[22],[23],[24]]",13,3782,0,242,44106,"[1,6,10]",7308,125623689,53.3208,239.4807,2537.8523,68.4817,307.5733,3259.4509,2119
44680,69,X155,TM197,2267,2594,2594,"0,1,2,3,4,5,6,7,8,9,10,11,12,13,14,15,16,17,18,19,20,21,22,23,24,25,26,27,28,29,30,31,32,33,34,35,36",InitializedAndWaiting,2267,265076669,57,37,2369,77,4,8962504,4839812,7,1,"[[0],[1,2,20],[3,6,7,9,12],[4,17,18,19,21,23,27],[5,8,11],[10,26],[13],[14,29,31],[15],[16,22],[24],[25],[28],[30,32],[33],[34],[35],[36]]",11,7638,0,29,78841,"[4,17,18,19,21,23,27]",14107,130278583,55.2965,248.3545,2631.8906,112.5113,505.3247,5355.0842,2444
44681,70,K770,N_1_of_Clst_0_of_DC_0_of_CP_Lomocom68,7735,8096,8096,"0,1,2,3,4,5,6,7,8,9,10,11,12,13,14,15,16,17,18,19,20,21,22,23,24,25,26,27,28,29,30,31,32,33,34,35,36,37,38,39,40,41,42,43,44,45,46,47,48",InitializedAndWaiting,7735,341409313,72,49,2938,79,7,8982214,4538297,8,3,"[[0],[1,2],[3,5,7,22,30,35],[4,6,12,17,36],[8,9,11,13,14,19,39,40],[10],[15,21,24],[16,18,23,25,42],[20],[26],[27,34],[28],[29,33],[31],[32,44],[37],[38],[41],[43],[45],[46],[47],[48]]",2,9021,0,42,94028,"[8,9,11,13,14,19,39,40]",16491,174388728,74.019,332.4432,3523.0046,144.9106,650.8402,6897.1578,7946
44682,71,L393,N_0_of_FP_0_of_Jackolicom45,329,645,645,"0,1,2,3,4,5,6,7,8,9,10,11,12,13,14,15,16,17",InitializedAndWaiting,329,117068601,25,18,934,74,4,8661334,4552491,2,2,"[[0],[1,2],[3],[4,6],[5,14],[7],[8],[9,10],[11],[12],[13],[15],[16],[17]]",1,3544,0,120,45898,"[1,2]",3949,91779712,38.9557,174.9628,1854.1356,49.6896,223.1719,2365.0222,495
44683,72,X203,N_1_of_Clst_1_of_DC_0_of_CP_Lomocom68,126,386,386,"0,1,2,3,4,5,6,7,8,9,10,11,12",InitializedAndWaiting,126,78437309,17,13,538,65,11,8078606,4791511,2,3,"[[0],[1],[2,3],[4],[5],[6],[7],[8],[9],[10],[11],[12]]",6,2478,0,399,24411,"[2,3]",1607,73299376,31.1118,139.7331,1480.7955,33.2926,149.5277,1584.5921,236
44684,73,O330,N_3_of_Clst_0_of_DC_0_of_CP_Lomocom68,9543,9825,9825,"0,1,2,3,4,5,6,7,8,9,10,11,12,13,14,15,16,17",InitializedAndWaiting,9543,122979906,26,18,1048,78,3,8769237,5100173,4,3,"[[0],[1,5,6],[2],[3],[4,7,8,13],[9],[10],[11,16],[12],[14],[15],[17]]",20,3720,0,73,37147,"[4,7,8,13]",9253,86891697,36.881,165.6446,1755.3878,52.1986,234.4408,2484.4425,9675
44685,74,A891,TM197,512,873,873,"0,1,2,3,4,5,6,7,8,9,10,11,12,13,14,15,16,17,18,19,20,21,22,23,24,25,26,27,28",InitializedAndWaiting,512,200446914,38,29,1647,79,17,8924838,4533575,5,1,"[[0],[1],[2],[3,4,6,8,15],[5],[7,12,16,23],[9,11],[10,19],[13,17,20],[14,24],[18],[21],[22],[25],[26],[27],[28]]",37,5490,0,53,62983,"[3,4,6,8,15]",7864,122124962,51.8357,232.811,2467.1709,85.0793,382.1188,4049.4326,723
44686,75,C309,N_1_of_Clst_1_of_DC_0_of_CP_Lomocom68,9105,9497,9497,"0,1,2,3,4,5,6,7,8,9,10,11,12,13,14,15,16,17,18,19,20,21,22,23,24,25,26,27,28,29,30,31,32,33,34,35,36,37,38,39,40,41,42,43,44,45,46,47,48,49,50,51,52,53,54,55,56,57,58,59,60,61,62",InitializedAndWaiting,9105,420424445,97,63,3915,80,4,8868723,4589696,8,3,"[[0],[1,2,3,9],[4,5,7,8,20,21,23,31],[6,41,42,45,49],[10,15,16,33,34],[11,14,37],[12,22,40,46],[13,28,38,43],[17,26],[18,19,24,27,35,44],[25],[29,50,61],[30],[32],[36,47,56],[39],[48],[51],[52],[53],[54,58],[55],[57],[59],[60],[62]]",1,14226,0,81,123818,"[4,5,7,8,20,21,23,31]",15513,181933492,77.2213,346.826,3675.4241,178.4484,801.4695,8493.4231,9347
44687,76,F387,N_2_of_FP_0_of_Jackolicom45,7296,7720,7720,"0,1,2,3,4,5,6,7,8,9,10,11,12,13,14,15,16,17,18,19,20,21,22,23,24,25,26,27,28,29,30,31,32,33,34,35,36,37,38,39,40,41,42,43,44,45,46,47,48,49,50,51,52,53,54,55,56,57,58,59,60,61,62,63,64,65,66,67,68,69,70",InitializedAndWaiting,7296,466656461,99,71,4381,79,3,8998559,4591908,6,2,"[[0],[1,2,10],[3,4,5,6,20,34],[7,8,9,13,40],[11,15,44,60],[12,21,45],[14,17,26,27,32],[16,31,35,38,51],[18,19,24],[22,28,33],[23,25,68],[29],[30,36,41],[37,39,46,48],[42,43,59],[47,50,62],[49,54,67],[52],[53],[55,56],[57],[58],[61],[63],[64],[65],[66],[69],[70]]",5,14331,0,35,134259,"[3,4,5,6,20,34]",7648,213288977,90.5301,406.6001,4308.8682,198.0715,889.6032,9427.4033,7570
44688,77,P695,N_2_of_Clst_1_of_DC_0_of_CP_Lomocom68,4041,4323,4323,"0,1,2,3,4,5,6,7,8,9,10,11,12,13,14,15,16,17,18,19,20",InitializedAndWaiting,4041,149717136,28,21,1333,79,7,8856079,5097828,4,3,"[[0],[1,2,3,6],[4,14],[5,8,12],[7],[9,11],[10],[13],[15,18],[16],[17],[19],[20]]",11,3337,0,72,45422,"[1,2,3,6]",9693,99906877,42.4053,190.4559,2018.3207,63.5472,285.4109,3024.5886,4173
44689,78,W544,N_2_of_FP_0_of_Jackolicom45,4163,4527,4527,"0,1,2,3,4,5,6,7,8,9,10,11,12,13,14,15,16,17,18,19,20,21,22,23,24,25,26,27,28,29,30,31,32,33,34,35,36,37,38,39,40,41,42,43,44,45",InitializedAndWaiting,4163,317907766,70,46,2925,80,3,8990536,4694938,6,2,"[[0],[1,2],[3,4,5,9,13],[6],[7,12,16,17,19,27],[8,10,15,18],[11],[14,21,28,31],[20,23],[22,33],[24,38,40],[25],[26,41],[29],[30],[32,35],[34,37],[36],[39],[42],[43],[44],[45]]",14,8622,0,59,105017,"[7,12,16,17,19,27]",15662,175205752,74.3658,334.0007,3539.5101,134.9354,606.0384,6422.3791,4377
44690,79,Y617,N_0_of_FP_0_of_Jackolicom45,9892,10228,10228,"0,1,2,3,4,5,6,7,8,9,10,11,12,13,14,15,16,17,18",InitializedAndWaiting,9892,118702582,24,19,1122,79,6,8819534,4662487,3,2,"[[0],[1,2],[3],[4],[5,9,12],[6],[7,8],[10],[11,14],[13],[15],[16],[17],[18]]",4,2769,0,218,40331,"[5,9,12]",9023,90705779,38.4999,172.9155,1832.44,50.3831,226.2868,2398.032,10078
44691,80,A223,N_2_of_Clst_1_of_DC_0_of_CP_Lomocom68,7886,8221,8221,"0,1,2,3,4,5,6,7,8,9,10,11,12,13,14,15,16,17,18,19,20,21,22,23,24,25,26,27,28,29,30,31,32,33,34,35,36,37,38,39,40,41,42,43,44,45,46,47,48,49,50,51,52,53,54,55,56,57,58,59,60",InitializedAndWaiting,7886,404163761,87,61,3603,80,4,8803574,4615247,6,3,"[[0],[1,11],[2,3,4,5,29],[6,7,8,22,23,26],[9,13,27,36],[10,44],[12,16,17,24,31],[14,20,25,30,37,40],[15,33,38,57],[18],[19,39],[21,34,35],[28,47,50],[32,45],[41],[42],[43],[46,52],[48],[49],[51,55],[53,54],[56],[58],[59],[60]]",10,11480,0,223,128694,"[6,7,8,22,23,26]",13015,187789730,79.707,357.99,3793.7319,171.5466,770.4712,8164.9245,8071
44692,81,K127,N_3_of_Clst_1_of_DC_0_of_CP_Lomocom68,4746,5037,5037,"0,1,2,3,4,5,6,7,8,9",InitializedAndWaiting,4746,62649974,12,10,484,75,3,8812637,4879245,2,3,"[[0],[1],[2],[3],[4],[5,7],[6],[8],[9]]",112,2407,0,219,25057,"[5,7]",5372,57461536,24.3894,109.5409,1160.8391,26.5917,119.4318,1265.656,4887
44693,82,E307,N_3_of_Clst_0_of_DC_0_of_CP_Lomocom68,99,452,452,"0,1,2,3,4,5,6,7,8,9,10,11,12,13,14,15,16,17,18,19,20,21,22,23,24,25,26",InitializedAndWaiting,99,191489496,37,27,1366,77,4,8680799,4581314,4,3,"[[0],[1],[2,16,17],[3,4,9],[5,6,7],[8,10,14],[11],[12,19,20,21],[13],[15],[18],[22],[23],[24],[25],[26]]",13,5066,0,38,57496,"[12,19,20,21]",11590,114558669,48.6242,218.3871,2314.3165,81.2774,365.043,3868.4747,302
44694,83,K232,N_2_of_FP_0_of_Jackolicom45,1402,1695,1695,"0,1,2,3,4,5,6,7,8,9,10,11,12,13,14,15,16,17,18,19,20,21,22,23",InitializedAndWaiting,1402,168970731,34,24,1317,80,3,8980706,4532526,3,2,"[[0],[1,2,8],[3,13],[4,5,7],[6,9],[10],[11],[12,18],[14,16],[15,22],[17],[19],[20],[21],[23]]",26,5275,0,159,47091,"[1,2,8]",4719,112150352,47.602,213.796,2265.6637,71.7193,322.1147,3413.5501,1545
44695,84,T108,N_0_of_Clst_1_of_DC_0_of_CP_Lomocom68,1292,1591,1591,"0,1,2,3,4,5,6,7,8,9,10,11,12,13,14,15,16,17,18",InitializedAndWaiting,1292,120952003,25,19,1186,78,9,8755435,4536391,3,3,"[[0],[1,2,3],[4,7],[5,13],[6,10],[8,16],[9],[11],[12,14],[15],[17],[18]]",17,3653,0,42,42270,"[4,7]",6147,78984620,33.5249,150.5711,1595.6489,51.3379,230.5749,2443.4748,1441
44696,85,G172,N_1_of_Clst_0_of_DC_0_of_CP_Lomocom68,8893,9192,9192,"0,1,2,3,4,5,6,7,8,9,10,11,12,13,14,15,16,17,18,19,20,21,22,23",InitializedAndWaiting,8893,167922474,35,24,1339,78,5,8972885,4654458,4,3,"[[0],[1],[2,3,4,6],[5,9,11,12],[7,13],[8,17],[10],[14],[15],[16],[18],[19,21],[20],[22],[23]]",2,3708,0,107,52038,"[5,9,11,12]",10475,108869149,46.2093,207.541,2199.3767,71.2744,320.1164,3392.3732,9042
44697,86,D314,TM197,7851,8197,8197,"0,1,2,3,4,5,6,7,8,9,10,11,12,13,14,15,16,17,18,19,20,21,22,23,24,25,26,27,28,29,30,31,32,33,34,35,36,37,38,39,40,41,42,43,44,45,46,47,48,49,50,51,52,53,54,55,56,57,58,59,60,61,62,63",InitializedAndWaiting,7851,425531034,89,64,3480,79,4,8911121,4632107,9,1,"[[0],[1,2,3,12],[4,5,6,8,13,15,18,32,46],[7,10,30,38],[9,11,33],[14,22,25,29,49],[16,17,19,28,31,35,37,51,58],[20,27],[21,36,41],[23,24],[26,42],[34,50],[39,43,48,59],[40],[44,53],[45],[47],[52,55],[54],[56],[57],[60],[61],[62],[63]]",1,14758,0,39,124120,"[16,17,19,28,31,35,37,51,58]",20786,178749508,75.8699,340.7563,3611.1012,180.6159,811.2044,8596.5865,8047
44698,87,N776,N_3_of_Clst_0_of_DC_0_of_CP_Lomocom68,7387,7736,7736,"0,1,2,3,4,5,6,7,8,9,10,11,12,13,14,15,16,17,18,19,20,21,22,23,24,25,26,27,28,29,30,31,32,33,34,35,36,37,38,39,40,41,42,43,44,45,46,47,48,49,50,51,52,53,54,55,56,57,58,59,60,61,62,63,64,65,66,67,68,69,70,71,72,73,74,75,76",InitializedAndWaiting,7387,511926736,114,77,4579,79,3,8966472,4716055,9,3,"[[0],[1,3,9,11],[2],[4,10,17,26],[5,6,7,14,15,19,20,28,29],[8,13,16,27],[12,18,23,32,34,35,41,42,63],[21,44,47,49,55],[22],[24,38,40,43,54,57],[25,52],[30,31,60],[33],[36,39],[37,48],[45,59,67],[46],[50,53],[51],[56],[58],[61],[62,65],[64,66,70],[68],[69],[71],[72],[73],[74],[75],[76]]",3,14873,0,143,167734,"[12,18,23,32,34,35,41,42,63]",16501,229833449,97.5524,438.1394,4643.1,217.2864,975.9034,10341.9543,7586
44699,88,F158,TM197,8468,8859,8859,"0,1,2,3,4,5,6,7,8,9,10,11,12,13,14,15,16,17,18,19,20,21,22,23,24,25,26,27,28,29,30,31,32,33,34,35,36,37,38,39,40,41,42,43,44,45,46,47,48,49,50,51,52",InitializedAndWaiting,8468,353770577,79,53,3377,79,3,8803756,4516500,6,1,"[[0],[1,3,4,9,12],[2,13,26,27],[5,6,8,10,17],[7,16,24,32,33,39],[11,22,34],[14,44],[15],[18,29],[19,21,25,28],[20,30,36,37],[23,42,43,49],[31],[35],[38],[40],[41],[45],[46],[47],[48],[50],[51],[52]]",6,11165,0,301,103206,"[7,16,24,32,33,39]",9324,168063506,71.3343,320.3852,3395.2223,150.1573,674.4049,7146.8803,8709
44700,89,E800,TM197,3519,3921,3921,"0,1,2,3,4,5,6,7,8,9,10,11,12,13,14,15,16,17,18,19,20,21,22,23,24,25,26,27,28,29,30,31,32,33,34,35,36,37,38,39,40,41,42,43,44,45",InitializedAndWaiting,3519,324099578,65,46,2929,80,4,8958179,4776525,6,1,"[[0],[1,2,8],[3,6,10,14,18,31],[4,5,7,16,17,23],[9,15,22,25],[11],[12,20,26],[13,19],[21],[24,30],[27],[28,33,38],[29,37],[32],[34],[35],[36,43],[39],[40],[41],[42],[44],[45]]",2,9977,0,44,90212,"[3,6,10,14,18,31]",11083,172162737,73.0742,328.1997,3478.0351,137.5635,617.8421,6547.4662,3771
44701,90,V824,N_1_of_Clst_1_of_DC_0_of_CP_Lomocom68,7236,7518,7518,"0,1,2,3,4,5,6,7,8,9,10,11,12,13,14,15,16,17,18,19",InitializedAndWaiting,7236,126020616,30,20,1250,76,4,8941417,4669979,4,3,"[[0],[1,17],[2,15],[3,4],[5,7,8,9],[6,10],[11,14],[12],[13],[16],[18],[19]]",20,3212,0,64,46462,"[5,7,8,9]",11249,83620270,35.4925,159.4082,1689.2984,53.4892,240.2374,2545.871,7368
44702,91,C453,N_3_of_Clst_1_of_DC_0_of_CP_Lomocom68,3839,4250,4250,"0,1,2,3,4,5,6,7,8,9,10,11,12,13,14,15,16,17,18,19,20,21,22,23,24,25,26,27,28,29,30,31,32,33,34,35,36,37,38,39,40,41,42,43,44,45,46,47,48,49,50,51,52,53,54,55,56,57,58,59,60",InitializedAndWaiting,3839,422128911,90,61,4110,80,6,8799306,4593389,6,3,"[[0],[1,2,5],[3],[4,7,12,14],[6,22,25,49],[8],[9,17,18,30,32,35],[10,13,16],[11,15],[19],[20,21,23,26,38,50],[24,27],[28,36],[29,46],[31],[33,34],[37,40,47,51],[39],[41,48],[42],[43],[44],[45],[52,54],[53],[55],[56],[57],[58],[59],[60]]",1,11895,0,26,130413,"[9,17,18,30,32,35]",12051,228907738,97.1595,436.3746,4624.3987,179.1719,804.7188,8527.8568,4100
44703,92,M630,N_2_of_Clst_0_of_DC_0_of_CP_Lomocom68,1422,1772,1772,"0,1,2,3,4,5,6,7,8,9,10,11,12,13,14,15,16,17,18,19,20,21,22,23",InitializedAndWaiting,1422,163941793,31,24,1410,77,14,8722543,4594072,4,3,"[[0],[1,2],[3,4,6,16],[5],[7],[8],[9,11],[10],[12],[13],[14],[15],[17],[18],[19,20],[21],[22],[23]]",10,5660,0,29,50757,"[3,4,6,16]",5075,125108859,53.1022,238.4993,2527.4517,69.5848,312.5278,3311.9554,1622
44704,93,R870,N_0_of_FP_0_of_Jackolicom45,9870,10227,10227,"0,1,2,3,4,5,6,7,8,9,10,11,12,13,14,15,16,17,18,19,20,21,22,23,24,25,26,27,28,29,30,31,32,33,34,35,36,37,38,39,40,41,42,43,44,45,46,47,48,49,50,51,52,53,54,55,56,57,58,59,60,61,62,63,64,65,66,67,68,69,70,71,72,73",InitializedAndWaiting,9870,495340151,108,74,4302,79,3,8981970,4578417,13,2,"[[0],[1,5,19,22],[2,3,4,6,7,29,42],[8,9,10,11,12,13,14,17,23,32,36,39,53],[15,16,18,20,21,25,33,34],[24,37],[26,28,43],[27],[30,48,50,52,57,67],[31,38],[35,68],[40,54],[41,44,51],[45],[46,47,49,69],[55],[56],[58],[59,60],[61],[62],[63],[64,70],[65],[66],[71],[72],[73]]",3,13997,0,28,154953,"[8,9,10,11,12,13,14,17,23,32,36,39,53]",37955,207591639,88.1119,395.739,4193.7705,210.2462,944.2839,10006.8717,10077
44705,94,C297,N_1_of_Clst_0_of_DC_0_of_CP_Lomocom68,1317,1717,1717,"0,1,2,3,4,5,6,7,8,9,10,11,12,13,14,15,16,17,18,19,20,21,22,23,24,25,26,27,28,29,30,31,32,33,34,35,36,37,38,39,40,41",InitializedAndWaiting,1317,275656800,63,42,2825,79,4,8894167,4619192,5,3,"[[0],[1,2,26],[3,4,7],[5,6,8,11,16],[9],[10],[12,22],[13,27,38],[14,17,28],[15,20,34],[18,24],[19],[21],[23],[25,31,32],[29,39],[30],[33],[35],[36],[37],[40],[41]]",16,8456,0,101,80532,"[5,6,8,11,16]",5462,158525879,67.286,302.2033,3202.543,117.002,525.494,5568.8242,1567
44706,95,T139,N_0_of_FP_0_of_Jackolicom45,7284,7686,7686,"0,1,2,3,4,5,6,7,8,9,10,11,12,13,14,15,16,17,18,19,20,21,22,23,24,25,26,27,28,29,30,31,32,33,34,35",InitializedAndWaiting,7284,256555733,53,36,2256,77,3,8893989,4545331,3,2,"[[0],[1],[2],[3],[4],[5,6,7],[8,10,12],[9,18],[11],[13,15,19],[14,22,33],[16],[17],[20],[21,31],[23,25],[24],[26],[27],[28],[29],[30],[32],[34],[35]]",2,7970,0,65,69022,"[8,10,12]",5865,183450539,77.8653,349.718,3706.0715,108.8946,489.081,5182.9441,7536
44707,96,E477,N_3_of_Clst_1_of_DC_0_of_CP_Lomocom68,7434,7828,7828,"0,1,2,3,4,5,6,7,8,9,10,11,12,13,14,15,16,17,18,19,20,21,22,23,24,25,26,27,28,29,30,31,32,33,34,35,36,37,38,39,40,41,42,43,44,45,46,47,48,49,50,51,52,53,54,55,56,57,58,59,60,61,62,63",InitializedAndWaiting,7434,422893015,95,64,4113,80,3,8934715,4505756,7,3,"[[0],[1,7,8],[2,12],[3,21,23],[4,5,6,19,26,38,51],[9,10,11,13,15,33,39],[14,44,45],[16,18,31,32],[17,20,25,41],[22,27,37],[24,34,36,43],[28],[29],[30,46,48,58,60],[35],[40,53],[42,54],[47],[49],[50],[52],[55],[56],[57],[59],[61],[62],[63]]",2,12677,0,290,136287,"[9,10,11,13,15,33,39]",16298,204314420,86.7209,389.4916,4127.564,179.4962,806.1754,8543.2932,7678
44708,97,U162,N_0_of_Clst_1_of_DC_0_of_CP_Lomocom68,1700,2056,2056,"0,1,2,3,4,5,6,7,8,9,10,11,12,13,14,15,16,17,18,19,20,21,22,23,24,25,26,27,28,29,30,31,32,33,34,35,36,37,38,39,40,41,42,43,44,45,46,47,48,49,50,51,52,53,54,55,56,57,58,59,60,61,62,63,64,65,66,67,68,69,70,71,72,73,74,75,76,77",InitializedAndWaiting,1700,512074101,119,78,4988,80,4,8965973,4503565,13,3,"[[0],[1],[2,5],[3,4,7,8,10,12,15,16,19,20],[6,9,11,17,18,22,23,24,31,37,39,42,47],[13,28,41],[14,26,34,35,38,48,52],[21,43,49,57,58],[25,30,32,56,65],[27,29,40],[33,45,51],[36,44],[46,53],[50,60,67],[54],[55,61],[59,68,69,71],[62,66],[63],[64],[70],[72,73],[74],[75],[76],[77]]",9,15448,0,58,145454,"[6,9,11,17,18,22,23,24,31,37,39,42,47]",28875,189136914,80.2788,360.5582,3820.9478,217.3489,976.1844,10344.9313,1906
44709,98,O612,N_2_of_Clst_1_of_DC_0_of_CP_Lomocom68,8251,8603,8603,"0,1,2,3,4,5,6,7,8,9,10,11,12,13,14,15,16,17,18,19,20,21,22",InitializedAndWaiting,8251,149964210,32,23,1504,78,5,8887572,4526903,4,3,"[[0],[1],[2,3,4,9],[5,7],[6,17],[8,10,11],[12,15,18,21],[13],[14],[16],[19],[20],[22]]",4,3845,0,63,46565,"[2,3,4,9]",10513,90176201,38.2751,171.906,1821.7414,63.652,285.8819,3029.58,8453
44710,99,Y432,N_2_of_FP_0_of_Jackolicom45,8674,8994,8994,"0,1,2,3,4,5,6,7,8,9,10,11,12,13,14,15,16,17,18,19,20,21,22,23,24,25,26,27",InitializedAndWaiting,8674,188047826,41,28,1949,79,3,8998648,4521500,4,2,"[[0],[1,2],[3,4,8,16],[5,6,11,15],[7,25],[9,12,20,22],[10,13],[14],[17],[18],[19],[21],[23],[24],[26],[27]]",1,6787,0,201,65217,"[9,12,20,22]",5069,109983708,46.6824,209.6657,2221.8931,79.8166,358.482,3798.946,8844
44711,100,S348,N_2_of_Clst_1_of_DC_0_of_CP_Lomocom68,4736,5094,5094,"0,1,2,3,4,5,6,7,8,9,10,11,12,13,14,15,16,17,18,19,20,21,22,23,24,25,26,27,28,29,30,31,32,33,34,35,36,37,38,39,40",InitializedAndWaiting,4736,273756031,57,41,2261,79,3,8940655,4771873,6,3,"[[0],[1,2,27],[3,6,20],[4,5,11,13,15,21],[7,8,12],[9,14,17,30],[10,23,26,31],[16,19,25],[18],[22],[24,35],[28],[29,32,38],[33],[34],[36],[37],[39],[40]]",9,7691,0,59,79214,"[4,5,11,13,15,21]",12822,138139731,58.6332,263.3405,2790.7016,116.1953,521.8705,5530.4249,4944
44712,101,U145,N_3_of_Clst_0_of_DC_0_of_CP_Lomocom68,9261,9654,9654,"0,1,2,3,4,5,6,7,8,9,10,11,12,13,14,15,16,17,18,19,20,21,22,23,24,25,26,27",InitializedAndWaiting,9261,192726617,41,28,1614,80,4,8948679,5393690,3,3,"[[0],[1],[2],[3,4,19],[5],[6],[7],[8,9,25],[10,12,17],[11],[13,24],[14,16],[15],[18],[20],[21],[22],[23],[26],[27]]",3,5638,0,344,57086,"[8,9,25]",4122,142090342,60.31,270.8717,2870.512,81.8025,367.4013,3893.467,9504
44713,102,G648,N_2_of_Clst_0_of_DC_0_of_CP_Lomocom68,6399,6781,6781,"0,1,2,3,4,5,6,7,8,9,10,11,12,13,14,15,16,17,18,19,20,21,22,23,24,25,26,27,28,29,30,31,32,33,34,35,36,37,38,39,40,41,42,43,44,45,46,47,48,49,50,51,52,53,54,55,56,57,58,59,60,61,62",InitializedAndWaiting,6399,420121603,95,63,3880,78,3,8941837,4519148,7,3,"[[0],[1,2,3],[4,12,32,48],[5,21],[6,22,23],[7,9,27,34,44,45,49],[8,31,39,58],[10,13,16,37],[11,15,38,46],[14,30,40,41],[17,18,29],[19,51],[20],[24,33,60],[25,35,55],[26,28,42],[36,43,50],[47],[52],[53],[54],[56,57],[59],[61],[62]]",2,11045,0,66,108115,"[7,9,27,34,44,45,49]",7128,188482701,80.0011,359.311,3807.7313,178.3199,800.8922,8487.3051,6631
44714,103,G462,N_3_of_Clst_1_of_DC_0_of_CP_Lomocom68,8719,8981,8981,"0,1,2,3,4,5,6,7,8,9,10,11,12,13,14",InitializedAndWaiting,8719,97610375,18,15,771,76,14,8694090,4589766,3,3,"[[0],[1,2,3],[4,7],[5,9],[6],[8],[10],[11],[12],[13],[14]]",45,3134,0,132,20451,"[1,2,3]",5123,75842211,32.1911,144.5806,1532.1659,41.4305,186.078,1971.9268,8831
44715,104,Z831,TM197,3982,4322,4322,"0,1,2,3,4,5,6,7,8,9,10,11,12,13,14,15,16,17,18,19,20,21,22,23,24,25,26,27,28,29,30,31,32,33,34,35,36,37,38,39,40,41,42,43,44,45",InitializedAndWaiting,3982,310289007,65,46,2593,79,3,8920537,4718207,7,1,"[[0],[1,2],[3,4,13],[5,6,8,9,10,14,16],[7,15,20],[11,12,21,23,28,31],[17,19,25],[18,26],[22],[24],[27,30],[29],[32],[33],[34,40],[35],[36],[37],[38],[39],[41],[42],[43],[44],[45]]",3,8468,0,55,102085,"[5,6,8,9,10,14,16]",14359,178254275,75.6597,339.8122,3601.0965,131.7016,591.5145,6268.4648,4172
44716,105,P799,N_2_of_Clst_0_of_DC_0_of_CP_Lomocom68,926,1238,1238,"0,1,2,3,4,5,6,7,8,9,10,11,12,13,14,15,16,17,18,19,20,21,22,23,24,25,26",InitializedAndWaiting,926,188398073,37,27,1325,75,4,8898495,4573509,3,3,"[[0],[1,2],[3,4,5],[6,9,18],[7,11,23],[8,21],[10],[12],[13,15],[14],[16],[17],[19],[20],[22],[24],[25],[26]]",4,5623,0,199,58795,"[3,4,5]",7763,135734921,57.6124,258.7561,2742.1196,79.9652,359.1497,3806.0217,1088
44717,106,H883,N_2_of_Clst_0_of_DC_0_of_CP_Lomocom68,2248,2691,2691,"0,1,2,3,4,5,6,7,8,9,10,11,12,13,14,15,16,17,18,19,20,21,22,23,24,25,26,27,28,29,30,31,32,33,34,35,36,37,38,39,40,41,42,43,44,45,46,47,48,49,50,51,52,53,54,55,56,57,58,59,60,61,62,63,64",InitializedAndWaiting,2248,436587382,95,65,3811,78,5,8900977,4526454,6,3,"[[0],[1,9,13],[2,6],[3,22,62],[4,5,32],[7,17,29,41],[8,21],[10,12,15,16,27,38],[11,18,20,25,56],[14,24,31,33,43],[19,26,30],[23,40,58],[28],[34,35],[36],[37],[39,59],[42],[44],[45,51],[46,47,53],[48],[49],[50],[52],[54,55],[57],[60],[61],[63],[64]]",3,10745,0,151,144327,"[10,12,15,16,27,38]",14044,226524378,96.1479,431.8312,4576.2501,185.3087,832.2814,8819.9471,2541
44718,107,Z132,N_1_of_Clst_1_of_DC_0_of_CP_Lomocom68,5737,6100,6100,"0,1,2,3,4,5,6,7,8,9,10,11,12,13,14,15,16,17,18,19,20,21,22,23,24,25,26,27,28,29,30,31,32,33,34,35,36,37,38,39,40,41,42",InitializedAndWaiting,5737,299289090,61,43,2635,78,8,8916783,4529306,5,3,"[[0],[1,2,5,6,27],[3,4,7],[8],[9],[10,25],[11],[12,13,18,29,39],[14],[15,17,21,35],[16,24],[19],[20,31],[22],[23],[26],[28],[30],[32],[33,36],[34,38],[37],[40],[41],[42]]",8,6642,0,246,99612,"[12,13,18,29,39]",12368,189987648,80.6399,362.1799,3838.1343,127.0327,570.545,6046.2442,5950
44719,108,K256,N_3_of_Clst_0_of_DC_0_of_CP_Lomocom68,8396,8656,8656,"0,1,2,3,4,5,6",InitializedAndWaiting,8396,45601179,8,7,399,75,16,8292787,5131464,2,3,"[[0],[1,2],[3],[4],[5],[6]]",29,1531,0,356,13519,"[1,2]",5876,39172132,16.6265,74.6752,791.3562,19.3553,86.9311,921.2359,8506
44720,109,F581,N_1_of_Clst_1_of_DC_0_of_CP_Lomocom68,5839,6133,6133,"0,1,2,3,4,5,6,7,8,9,10,11,12,13,14,15,16,17,18,19,20,21,22,23,24,25",InitializedAndWaiting,5839,181655960,38,26,1424,78,4,8858733,4543108,6,3,"[[0],[1,3,4,6],[2,5,7,9,11,15],[8,16,17,19],[10,22],[12,14],[13],[18],[20],[21],[23],[24],[25]]",2,4965,0,208,52600,"[2,5,7,9,11,15]",11573,101351078,43.0183,193.209,2047.4965,77.1035,346.297,3669.8174,5983
44721,110,N167,N_1_of_Clst_1_of_DC_0_of_CP_Lomocom68,4524,5042,5042,"0,1,2,3,4,5,6,7,8,9,10,11,12,13,14,15,16,17,18,19,20,21,22,23,24,25,26,27,28,29,30,31,32,33,34,35,36,37,38,39,40,41,42,43,44,45,46,47,48,49,50,51,52,53,54,55,56,57,58,59,60,61,62,63,64,65,66,67,68,69,70,71",InitializedAndWaiting,4524,482367777,102,72,4357,78,3,8943295,4539093,6,3,"[[0],[1,3,4],[2,6,15],[5,7,8,11,13,22],[9,27,47],[10,17,25,41],[12,21,23,31,32],[14,28,35,36,38],[16,26,37,39,52,55],[18,19,20,42,43,51],[24,57,62,63],[29,44,45,50],[30],[33],[34,46,60],[40,59],[48],[49],[53],[54],[56],[58,69],[61],[64],[65],[66],[67],[68],[70],[71]]",4,13410,0,29,157087,"[16,26,37,39,52,55]",15964,215763829,91.5806,411.318,4358.8652,204.7401,919.5542,9744.8036,4892
44722,111,W845,N_1_of_FP_0_of_Jackolicom45,4357,4613,4613,"0,1,2,3,4,5,6,7,8,9,10,11,12,13,14,15,16,17",InitializedAndWaiting,4357,121068278,26,18,1021,76,3,8547979,4622381,5,2,"[[0],[1],[2,10],[3,4,6,7,11],[5,13],[8],[9,14],[12],[15],[16],[17]]",18,3555,0,340,35936,"[3,4,6,7,11]",9011,77568838,32.924,147.8721,1567.0472,51.3872,230.7966,2445.8238,4463
44723,112,X312,N_2_of_Clst_1_of_DC_0_of_CP_Lomocom68,9394,9724,9724,"0,1,2,3,4,5,6,7,8,9,10,11,12,13,14,15,16,17,18,19,20,21,22,23,24,25,26,27,28,29,30,31,32,33,34,35,36,37,38,39,40,41,42,43,44,45",InitializedAndWaiting,9394,310571867,68,46,2637,80,3,8909280,4602426,6,3,"[[0],[1,2,16],[3,5,25],[4,8,9,11,12],[6,13,14,15,17,20],[7,18,28,31,32,35],[10],[19,21,23],[22],[24,29,36],[26],[27,33,42],[30],[34],[37],[38],[39],[40,43],[41],[44],[45]]",5,8757,0,64,90178,"[7,18,28,31,32,35]",16257,149902584,63.6259,285.7644,3028.335,131.8217,592.0538,6274.1791,9574
44724,113,Q114,N_1_of_FP_0_of_Jackolicom45,9557,9896,9896,"0,1,2,3,4,5,6,7,8,9,10,11,12,13,14,15,16,17,18,19,20,21,22,23,24,25,26,27,28,29,30,31,32,33,34,35,36,37,38,39,40,41,42,43,44,45,46,47,48,49,50,51,52,53,54,55,56,57,58,59,60,61,62,63,64,65,66,67,68,69,70",InitializedAndWaiting,9557,479938808,106,71,4075,76,3,8983691,4501553,13,2,"[[0],[1,2,16],[3,4,5,7,11,12,17,18,21,25,28,43,53],[6,8,10,15,20,27,33,34,58],[9,13,14,26,35,48],[19,23,36],[22,24,37,38,51],[29,41,54,60],[30,32],[31,56],[39,42,45,52,62,68],[40],[44],[46,64],[47],[49],[50],[55],[57,61],[59],[63,66],[65],[67],[69],[70]]",5,13652,0,52,135345,"[3,4,5,7,11,12,17,18,21,25,28,43,53]",26545,180133845,76.4575,343.3953,3639.0676,203.7092,914.9238,9695.7335,9746
44725,114,E827,N_2_of_FP_0_of_Jackolicom45,4401,4822,4822,"0,1,2,3,4,5,6,7,8,9,10,11,12,13,14,15,16,17,18,19,20,21,22,23,24,25,26,27,28,29,30,31,32,33,34,35,36,37,38,39,40,41,42,43,44,45,46,47,48,49,50,51,52,53,54,55,56,57,58,59,60,61,62",InitializedAndWaiting,4401,429335259,94,63,3782,80,4,8941464,4509326,6,2,"[[0],[1,2,3],[4,6,9,14],[5,40],[7,10,11,16,24,32],[8],[12,13,20,25,38,43],[15,18,28],[17],[19,21,29,35,42],[22,26,27],[23,41],[30,37],[31],[33],[34,36,52],[39,51],[44],[45,48],[46,54],[47,59],[49],[50],[53],[55],[56],[57],[58],[60],[61],[62]]",3,12005,0,29,140198,"[7,10,11,16,24,32]",11564,231177819,98.123,440.7022,4670.259,182.2306,818.4565,8673.4396,4672
44726,115,H800,N_3_of_Clst_1_of_DC_0_of_CP_Lomocom68,5709,6036,6036,"0,1,2,3,4,5,6,7,8,9,10,11,12,13,14,15,16,17,18,19,20,21,22,23,24,25,26,27,28,29,30,31,32,33,34,35,36,37,38,39,40,41,42,43",InitializedAndWaiting,5709,299214945,62,44,2465,79,6,8801237,4595878,7,3,"[[0],[1,3,9],[2,10,37],[4,5,12,18,23,30],[6,7,11,14,19,21,26],[8],[13,27],[15,28],[16],[17],[20],[22,32],[24,35,40],[25,29,31],[33],[34],[36],[38],[39],[41],[42],[43]]",4,7960,0,102,83197,"[6,7,11,14,19,21,26]",17279,158518001,67.2827,302.1883,3202.3839,127.0013,570.4037,6044.7464,5886